id_nota,id_aluno,disciplina,bimestre,nota
1,117,Química,4º,8.0
2,142,Física,4º,3.1
3,38,Biologia,4º,7.4
4,99,Matemática,4º,0.9
5,49,Física,4º,7.6
6,154,Português,4º,0.5
7,131,Física,4º,8.5
8,192,Geografia,2º,6.6
9,35,Português,1º,1.7
10,18,Física,1º,3.6
11,71,História,2º,4.4
12,198,Matemática,3º,6.2
13,107,Física,1º,8.8
14,88,Física,3º,0.9
15,130,História,2º,8.1
16,69,Inglês,3º,1.8
17,1,Inglês,2º,4.0
18,73,História,4º,9.6
19,186,História,4º,2.7
20,77,Português,1º,3.9
21,151,Inglês,1º,8.5
22,149,Matemática,3º,8.0
23,169,Biologia,3º,6.5
24,126,Geografia,1º,8.0
25,39,Matemática,4º,1.1
26,115,Geografia,2º,7.0
27,138,Matemática,4º,0.6
28,124,Física,1º,9.4
29,89,Biologia,2º,1.6
30,86,Química,3º,4.2
31,142,Inglês,1º,5.9
32,196,Biologia,4º,8.0
33,140,Matemática,3º,6.8
34,97,Geografia,3º,1.8
35,117,Biologia,1º,3.8
36,83,Física,4º,3.6
37,49,Matemática,1º,0.3
38,179,Física,2º,6.8
39,62,Biologia,2º,8.4
40,147,Português,3º,9.7
41,99,Física,4º,1.3
42,60,Química,2º,9.2
43,199,Química,2º,1.1
44,106,Inglês,2º,4.1
45,12,Química,2º,0.5
46,82,Física,1º,2.6
47,191,História,3º,3.1
48,122,Inglês,3º,7.0
49,181,Inglês,2º,6.8
50,98,Física,3º,7.7
51,99,Biologia,3º,5.8
52,170,Português,3º,5.7
53,167,Química,3º,9.8
54,39,Português,1º,6.7
55,127,Química,2º,3.4
56,10,História,4º,5.2
57,33,Biologia,1º,7.0
58,129,Física,3º,1.0
59,152,Português,2º,6.6
60,85,Português,2º,2.5
61,26,Física,2º,3.5
62,113,Biologia,2º,6.8
63,26,Biologia,3º,3.8
64,135,Inglês,2º,8.4
65,117,Química,4º,5.6
66,4,História,4º,9.9
67,185,Inglês,2º,0.5
68,37,Física,3º,6.4
69,105,Inglês,4º,1.6
70,168,Matemática,4º,8.5
71,40,Física,4º,8.5
72,20,Química,1º,8.7
73,121,Biologia,1º,0.7
74,68,Matemática,4º,4.9
75,87,Português,3º,2.4
76,160,Química,3º,9.7
77,178,Física,4º,0.5
78,102,História,4º,2.2
79,167,Matemática,3º,6.4
80,21,História,1º,4.0
81,85,Inglês,1º,2.3
82,173,Matemática,4º,4.6
83,137,História,3º,8.0
84,98,Português,1º,4.5
85,82,Geografia,4º,8.6
86,161,Física,2º,4.5
87,184,Física,4º,1.2
88,195,Química,2º,5.0
89,125,Matemática,4º,6.5
90,139,História,3º,1.0
91,10,Inglês,3º,4.1
92,159,Física,3º,5.6
93,18,Física,3º,0.0
94,61,Inglês,2º,0.9
95,162,Português,4º,6.0
96,176,História,3º,6.2
97,74,Física,1º,3.0
98,59,Química,1º,5.1
99,192,Física,1º,2.1
100,24,Biologia,4º,6.7
101,112,Geografia,1º,9.5
102,26,Português,1º,3.6
103,195,Matemática,2º,0.5
104,163,História,4º,2.2
105,181,Inglês,4º,4.5
106,26,Química,1º,5.6
107,114,Português,4º,6.2
108,43,Biologia,2º,4.7
109,178,Biologia,2º,6.6
110,77,Inglês,3º,7.2
111,8,Geografia,2º,1.1
112,12,Biologia,3º,7.6
113,84,Inglês,1º,2.2
114,15,Geografia,3º,3.4
115,76,Português,3º,8.3
116,92,História,1º,9.6
117,96,Português,3º,2.9
118,111,Inglês,2º,5.2
119,38,História,1º,7.0
120,63,Inglês,4º,0.5
121,136,Português,3º,1.6
122,106,Física,2º,1.4
123,145,Física,4º,7.2
124,175,Português,1º,7.2
125,47,Biologia,1º,1.1
126,44,Biologia,1º,6.1
127,45,História,2º,1.9
128,21,História,4º,9.3
129,157,Física,1º,3.9
130,98,Geografia,2º,4.6
131,159,Português,2º,7.8
132,175,Geografia,4º,7.2
133,62,História,1º,1.1
134,128,Geografia,1º,4.1
135,150,Inglês,3º,9.3
136,37,Matemática,1º,8.4
137,60,Física,4º,5.9
138,119,Física,2º,7.7
139,164,Inglês,4º,4.5
140,66,História,1º,6.6
141,118,Português,2º,9.6
142,66,Português,4º,1.3
143,171,Biologia,1º,5.0
144,3,Química,1º,5.3
145,120,Inglês,1º,0.5
146,74,Química,3º,9.4
147,174,Química,3º,8.4
148,140,Português,3º,4.8
149,41,História,2º,5.1
150,19,Física,4º,9.2
151,114,Português,2º,1.8
152,89,Inglês,2º,5.8
153,151,Inglês,1º,7.3
154,77,Física,1º,1.3
155,164,História,2º,3.9
156,109,História,4º,6.0
157,177,História,3º,8.8
158,65,Química,2º,5.0
159,117,Matemática,2º,3.8
160,78,Português,4º,9.8
161,51,História,4º,9.2
162,99,Biologia,2º,7.6
163,124,História,1º,2.7
164,28,História,1º,9.6
165,61,Física,2º,9.7
166,98,Geografia,1º,4.5
167,147,Física,4º,1.3
168,92,Biologia,3º,4.1
169,148,Português,4º,7.0
170,76,Biologia,3º,7.5
171,180,Geografia,2º,3.0
172,76,Biologia,2º,7.0
173,6,História,3º,8.6
174,169,Biologia,1º,7.1
175,102,Português,2º,9.4
176,71,História,3º,6.3
177,3,História,1º,2.0
178,145,História,3º,6.2
179,176,Física,2º,2.9
180,200,Matemática,2º,3.5
181,191,Matemática,4º,6.7
182,13,Português,3º,9.8
183,156,Matemática,1º,6.5
184,191,Biologia,2º,9.6
185,128,Geografia,4º,5.0
186,74,Química,4º,6.9
187,199,Matemática,1º,3.2
188,59,Inglês,2º,1.2
189,156,Biologia,4º,3.5
190,91,Biologia,1º,4.8
191,57,Inglês,1º,5.7
192,163,Geografia,3º,6.7
193,49,Química,3º,4.2
194,159,Biologia,2º,7.5
195,65,Inglês,4º,8.4
196,174,Português,4º,2.9
197,194,Matemática,3º,8.5
198,185,História,2º,8.1
199,197,Inglês,4º,5.2
200,169,Química,1º,0.3
201,175,Inglês,1º,1.5
202,36,Inglês,1º,6.7
203,161,Geografia,1º,2.0
204,25,Física,3º,7.5
205,161,História,2º,1.6
206,166,Física,1º,2.9
207,11,Física,1º,2.5
208,80,Física,4º,8.4
209,113,Química,3º,6.9
210,9,História,4º,3.0
211,149,Física,4º,7.5
212,94,Português,4º,0.3
213,188,Física,1º,8.1
214,34,Geografia,2º,1.0
215,24,Inglês,3º,8.7
216,76,Português,1º,7.4
217,84,Biologia,3º,8.6
218,192,Inglês,1º,7.4
219,107,Geografia,2º,5.6
220,45,História,2º,2.4
221,52,Português,3º,7.8
222,34,Matemática,4º,8.0
223,139,Biologia,1º,2.9
224,94,Química,3º,6.6
225,136,Química,4º,9.3
226,129,Geografia,2º,3.9
227,70,História,1º,9.6
228,43,Física,2º,9.8
229,66,Física,1º,3.1
230,124,Geografia,4º,5.5
231,76,História,1º,0.1
232,192,Inglês,4º,2.5
233,87,Inglês,1º,6.2
234,30,Inglês,3º,7.8
235,120,Biologia,2º,8.7
236,20,Inglês,1º,8.3
237,37,Matemática,1º,9.1
238,194,Português,2º,7.0
239,58,Química,1º,6.5
240,174,Inglês,2º,7.6
241,186,Geografia,4º,5.5
242,173,Geografia,3º,6.0
243,102,Física,3º,7.8
244,143,Matemática,2º,9.6
245,94,Matemática,3º,2.9
246,24,Biologia,2º,1.8
247,102,Inglês,3º,6.8
248,4,Inglês,1º,1.9
249,68,Biologia,1º,1.7
250,138,Matemática,3º,5.1
251,32,Português,4º,3.8
252,117,Química,3º,4.3
253,95,História,1º,5.6
254,173,Biologia,3º,1.3
255,192,Física,1º,5.8
256,173,Química,4º,2.6
257,68,Física,4º,3.3
258,150,Matemática,3º,7.1
259,98,Química,1º,1.5
260,164,Matemática,4º,1.5
261,96,Geografia,2º,3.2
262,28,Física,3º,0.5
263,173,Biologia,2º,9.3
264,60,Português,3º,6.2
265,121,Química,1º,6.6
266,7,Inglês,1º,4.9
267,159,Biologia,2º,5.7
268,144,Português,1º,3.6
269,84,História,1º,7.8
270,157,Português,1º,3.2
271,57,Química,2º,2.2
272,166,Física,1º,1.8
273,17,Física,4º,0.7
274,163,Física,3º,5.1
275,119,História,4º,4.2
276,180,Geografia,2º,5.4
277,78,Química,2º,0.9
278,167,Matemática,1º,2.2
279,105,Matemática,4º,2.1
280,30,Matemática,2º,3.3
281,36,História,3º,3.6
282,12,Física,2º,2.2
283,10,Inglês,4º,7.5
284,78,Inglês,3º,5.3
285,127,História,3º,10.0
286,30,História,1º,8.2
287,25,Física,3º,9.8
288,61,Física,1º,0.1
289,138,História,1º,6.7
290,35,Química,2º,4.5
291,100,Biologia,2º,9.0
292,117,Física,1º,6.1
293,95,Inglês,4º,6.2
294,172,Biologia,1º,9.6
295,191,Inglês,4º,6.8
296,179,Matemática,3º,3.2
297,139,Física,3º,9.2
298,108,Física,3º,9.4
299,151,Português,1º,3.9
300,191,Química,4º,5.4
301,187,Biologia,1º,2.8
302,40,Matemática,3º,9.1
303,107,Inglês,2º,8.2
304,168,Biologia,3º,3.7
305,26,Geografia,3º,8.0
306,126,Matemática,2º,4.5
307,158,Inglês,4º,0.4
308,105,História,3º,9.0
309,72,Química,4º,1.9
310,9,História,2º,5.1
311,177,Geografia,2º,9.5
312,95,Matemática,2º,1.7
313,56,Português,1º,9.6
314,114,Geografia,4º,5.4
315,114,Matemática,1º,0.1
316,61,Inglês,2º,0.7
317,93,Física,3º,6.7
318,26,Química,1º,7.7
319,176,História,3º,8.6
320,95,Química,1º,4.2
321,140,Geografia,4º,1.0
322,166,Química,3º,5.4
323,92,Inglês,1º,7.0
324,16,Matemática,2º,9.8
325,102,História,2º,7.8
326,71,Geografia,4º,6.5
327,49,Física,4º,9.4
328,32,Inglês,1º,7.5
329,117,Química,2º,1.5
330,24,Física,3º,4.6
331,170,História,1º,3.3
332,55,Inglês,1º,0.9
333,165,Física,2º,0.5
334,164,Física,4º,7.9
335,153,Biologia,3º,5.6
336,6,Inglês,4º,5.7
337,13,Geografia,1º,2.3
338,86,Geografia,1º,2.6
339,63,Biologia,2º,3.9
340,33,Biologia,4º,6.3
341,145,Geografia,1º,4.3
342,53,Biologia,1º,0.2
343,18,Biologia,4º,6.7
344,196,Geografia,2º,5.3
345,142,Inglês,2º,6.4
346,54,Física,3º,6.2
347,151,Inglês,3º,7.6
348,56,Física,3º,5.9
349,60,Biologia,4º,7.0
350,85,Biologia,3º,0.7
351,199,Português,3º,9.3
352,38,Química,4º,1.1
353,153,Química,3º,7.9
354,1,Física,2º,3.0
355,71,História,1º,0.9
356,38,Biologia,2º,7.7
357,34,Matemática,2º,4.4
358,139,Biologia,1º,4.0
359,65,Português,2º,6.6
360,45,Física,1º,4.7
361,29,Inglês,2º,5.3
362,170,Biologia,4º,1.4
363,7,Inglês,4º,3.9
364,34,Geografia,3º,8.0
365,4,Geografia,4º,5.5
366,92,Biologia,1º,9.6
367,61,Biologia,3º,1.4
368,151,História,2º,6.8
369,83,Português,4º,9.1
370,5,Geografia,3º,8.0
371,45,Geografia,4º,7.3
372,68,Matemática,3º,3.7
373,14,Geografia,1º,9.5
374,33,Geografia,1º,5.5
375,190,Matemática,2º,5.6
376,108,Português,3º,1.2
377,135,Química,1º,0.1
378,30,Física,2º,6.0
379,191,Inglês,3º,5.4
380,17,Português,2º,9.5
381,122,História,1º,3.0
382,115,Matemática,2º,7.5
383,200,História,3º,9.0
384,93,Química,4º,3.4
385,132,Inglês,1º,4.1
386,152,Inglês,3º,6.5
387,28,Geografia,3º,5.1
388,116,Biologia,2º,1.6
389,129,Física,1º,2.2
390,57,Biologia,4º,8.3
391,158,Matemática,4º,1.9
392,12,Português,2º,1.8
393,187,Geografia,1º,8.0
394,169,Matemática,4º,8.5
395,134,História,1º,8.5
396,78,Química,2º,9.3
397,118,História,1º,9.9
398,165,Matemática,1º,4.6
399,8,Química,1º,5.5
400,16,Inglês,2º,2.9
401,123,História,2º,0.7
402,103,Biologia,2º,1.0
403,110,Matemática,4º,7.3
404,176,Matemática,3º,4.9
405,28,Biologia,1º,3.3
406,126,Português,3º,1.3
407,183,Física,1º,6.6
408,114,Biologia,1º,1.0
409,19,Inglês,1º,6.2
410,21,Inglês,2º,9.0
411,83,História,4º,3.2
412,156,Inglês,2º,4.5
413,38,Biologia,1º,6.2
414,17,Geografia,3º,3.1
415,33,Português,1º,5.8
416,71,Física,1º,5.7
417,160,História,4º,3.6
418,163,Inglês,1º,3.2
419,150,Biologia,2º,4.3
420,141,História,4º,0.0
421,183,Matemática,4º,2.5
422,84,Física,4º,2.2
423,98,Biologia,1º,7.4
424,153,Geografia,4º,4.4
425,136,História,4º,8.4
426,76,Química,2º,1.3
427,117,Química,3º,7.3
428,130,Física,2º,8.8
429,155,Português,2º,4.6
430,111,Química,3º,3.6
431,26,Português,3º,3.1
432,180,História,4º,5.5
433,30,História,2º,1.8
434,168,Inglês,1º,6.1
435,167,Física,2º,8.4
436,197,Geografia,3º,8.6
437,142,Matemática,4º,1.4
438,185,Biologia,4º,5.4
439,56,Química,4º,2.6
440,111,Geografia,1º,8.9
441,116,Inglês,1º,0.8
442,59,Biologia,3º,0.8
443,106,Física,4º,0.2
444,87,Biologia,2º,5.1
445,117,Matemática,4º,0.3
446,103,Biologia,2º,5.8
447,107,Física,2º,4.1
448,187,Geografia,1º,5.9
449,25,Matemática,4º,9.1
450,81,Português,3º,5.5
451,110,Inglês,4º,5.4
452,81,Biologia,4º,10.0
453,171,História,3º,4.7
454,66,Química,3º,7.8
455,96,Biologia,4º,3.7
456,40,Português,3º,2.2
457,176,Biologia,2º,7.7
458,122,Física,1º,7.3
459,18,Geografia,3º,2.9
460,24,Geografia,2º,4.6
461,22,História,1º,5.1
462,24,Inglês,3º,4.0
463,111,História,1º,5.0
464,25,Inglês,4º,6.6
465,191,Física,3º,8.5
466,190,Química,2º,8.1
467,96,Inglês,2º,6.1
468,34,Geografia,1º,1.7
469,143,Geografia,2º,5.1
470,16,Português,2º,4.5
471,151,Inglês,3º,1.8
472,144,Física,1º,9.5
473,144,Português,2º,6.6
474,85,Português,4º,9.7
475,172,Matemática,3º,7.4
476,32,Geografia,2º,4.8
477,106,História,2º,3.6
478,91,História,2º,2.2
479,171,Física,3º,4.9
480,193,Inglês,3º,0.6
481,109,Português,1º,3.7
482,185,Geografia,3º,0.4
483,14,Inglês,2º,2.1
484,74,Português,2º,9.1
485,154,Inglês,4º,3.6
486,80,Matemática,3º,4.7
487,91,Inglês,2º,4.5
488,27,História,4º,0.5
489,148,Química,1º,9.8
490,130,Inglês,1º,3.2
491,55,Matemática,1º,7.0
492,40,Inglês,2º,5.2
493,169,Biologia,2º,8.3
494,124,Matemática,1º,8.3
495,58,Química,4º,2.6
496,28,Biologia,1º,5.4
497,90,Matemática,3º,1.7
498,143,Geografia,2º,6.5
499,95,Português,2º,3.7
500,30,Matemática,3º,6.5
501,196,Química,2º,8.4
502,72,Física,3º,5.2
503,147,Português,1º,3.8
504,58,Matemática,1º,9.1
505,110,Português,2º,5.2
506,144,Inglês,2º,3.5
507,197,Matemática,1º,8.7
508,160,Biologia,3º,4.9
509,158,Química,1º,4.8
510,173,História,3º,6.0
511,165,História,4º,5.0
512,143,Química,1º,1.4
513,7,Física,3º,1.7
514,156,Química,3º,0.8
515,169,Inglês,3º,6.4
516,178,Química,2º,2.1
517,69,Química,2º,1.9
518,8,Português,4º,3.6
519,47,História,4º,7.2
520,70,Física,3º,1.2
521,180,Português,2º,2.3
522,196,História,3º,8.1
523,80,Química,2º,7.2
524,87,História,2º,4.8
525,90,Geografia,4º,4.8
526,2,Matemática,3º,2.1
527,47,Matemática,3º,1.6
528,37,Biologia,2º,8.3
529,145,Inglês,2º,0.2
530,169,Química,1º,0.4
531,103,Química,4º,5.7
532,18,Geografia,1º,1.6
533,37,Geografia,2º,6.3
534,190,Inglês,3º,0.4
535,163,Física,2º,5.7
536,8,História,1º,0.6
537,24,Biologia,4º,2.6
538,192,Geografia,2º,1.8
539,136,Português,3º,9.6
540,56,Matemática,1º,6.0
541,97,Química,2º,5.6
542,108,Matemática,3º,0.2
543,117,Geografia,3º,7.2
544,88,Geografia,2º,6.6
545,41,Português,1º,2.8
546,95,Português,3º,0.9
547,80,Matemática,4º,4.5
548,185,Inglês,1º,9.9
549,84,Matemática,3º,8.7
550,199,Geografia,2º,1.7
551,146,Matemática,2º,8.3
552,153,Química,1º,6.0
553,22,Inglês,3º,7.9
554,14,Geografia,3º,8.2
555,40,Geografia,1º,1.8
556,41,Matemática,1º,6.6
557,194,História,1º,2.6
558,159,Biologia,4º,7.2
559,13,Geografia,4º,3.4
560,173,Física,4º,4.5
561,21,Física,2º,5.9
562,70,Geografia,4º,2.3
563,114,Biologia,4º,3.9
564,170,História,4º,1.1
565,109,Geografia,3º,2.0
566,125,Química,4º,8.6
567,156,Biologia,1º,5.0
568,114,Biologia,4º,4.2
569,107,Matemática,2º,1.5
570,70,História,2º,1.0
571,56,Química,4º,4.8
572,194,Inglês,1º,6.1
573,132,Matemática,1º,0.4
574,30,Física,3º,7.8
575,89,Química,1º,5.0
576,111,Física,3º,1.2
577,29,Química,3º,4.8
578,73,Química,1º,1.3
579,174,História,1º,6.0
580,174,Biologia,3º,8.3
581,152,Química,2º,9.0
582,125,História,4º,7.7
583,135,Inglês,2º,6.5
584,171,Geografia,1º,5.2
585,79,Geografia,1º,3.7
586,12,Biologia,3º,0.4
587,57,História,4º,5.3
588,102,Inglês,1º,2.3
589,154,Matemática,4º,8.0
590,15,Química,2º,7.9
591,2,Química,4º,3.8
592,53,História,2º,5.9
593,78,Química,1º,7.4
594,55,Geografia,1º,7.6
595,197,Biologia,3º,7.0
596,36,Geografia,2º,1.0
597,196,Física,2º,1.3
598,66,Português,4º,4.8
599,75,Inglês,3º,2.3
600,84,Física,3º,8.6
601,31,Português,3º,2.8
602,2,Geografia,2º,8.8
603,128,Matemática,1º,4.1
604,192,Biologia,1º,1.9
605,111,Química,4º,7.1
606,45,Matemática,4º,7.9
607,34,Português,2º,5.8
608,98,Geografia,1º,1.2
609,137,Geografia,3º,0.1
610,181,Inglês,1º,6.5
611,59,Geografia,4º,6.9
612,129,Física,1º,3.2
613,144,Biologia,3º,3.6
614,172,Matemática,4º,1.5
615,91,Geografia,2º,6.5
616,19,Geografia,1º,2.5
617,102,Português,1º,8.5
618,190,Inglês,2º,4.2
619,11,Geografia,2º,3.7
620,112,Geografia,3º,2.8
621,5,Química,1º,6.8
622,118,Geografia,4º,7.5
623,20,Física,1º,4.1
624,81,Biologia,3º,7.8
625,148,Química,4º,4.8
626,110,Inglês,4º,3.7
627,147,Física,4º,5.5
628,104,Biologia,3º,2.5
629,182,Biologia,1º,3.1
630,164,Física,4º,3.4
631,107,Inglês,2º,7.1
632,75,Inglês,3º,7.4
633,30,Português,4º,8.5
634,104,Inglês,3º,6.6
635,6,Física,2º,7.5
636,84,Geografia,4º,4.5
637,44,Física,1º,7.0
638,159,Física,3º,1.6
639,118,Química,4º,2.1
640,177,Matemática,4º,4.0
641,93,Geografia,3º,3.4
642,23,História,2º,5.5
643,112,Matemática,3º,7.0
644,28,Biologia,1º,7.1
645,63,Química,2º,1.6
646,112,Biologia,1º,9.6
647,151,História,1º,0.1
648,103,Geografia,3º,0.9
649,135,Física,4º,1.5
650,21,Geografia,2º,9.3
651,102,Química,1º,4.4
652,80,Geografia,4º,0.6
653,191,Inglês,4º,2.2
654,87,Física,4º,0.8
655,57,Biologia,2º,0.4
656,86,Inglês,4º,3.8
657,200,Inglês,3º,9.8
658,44,Inglês,1º,6.1
659,20,História,4º,5.2
660,131,Física,1º,7.1
661,163,História,2º,6.0
662,30,História,1º,9.5
663,136,Inglês,4º,8.2
664,131,História,2º,6.4
665,50,Matemática,2º,4.4
666,199,Matemática,2º,2.0
667,90,Português,2º,6.6
668,90,Matemática,2º,8.0
669,187,Matemática,1º,2.9
670,166,Química,4º,0.3
671,38,História,1º,6.0
672,61,Geografia,4º,5.2
673,27,Português,2º,2.3
674,38,História,2º,1.7
675,66,Matemática,3º,0.4
676,51,Geografia,3º,2.4
677,45,Inglês,1º,0.0
678,155,Física,1º,1.6
679,40,Matemática,4º,10.0
680,195,Inglês,4º,7.8
681,195,Inglês,3º,3.5
682,168,Matemática,3º,4.0
683,20,Matemática,4º,5.9
684,46,Química,1º,5.2
685,198,Matemática,4º,7.4
686,161,Matemática,1º,0.7
687,127,Biologia,4º,0.9
688,119,Biologia,2º,2.8
689,194,Matemática,2º,8.3
690,145,Química,1º,9.2
691,195,História,1º,3.5
692,149,Português,1º,9.6
693,115,Português,3º,2.8
694,175,História,3º,6.1
695,145,Geografia,4º,1.9
696,165,Geografia,3º,9.3
697,163,Biologia,4º,5.7
698,160,Física,4º,2.6
699,83,Biologia,4º,4.1
700,161,Química,1º,1.1
701,81,Português,2º,0.7
702,39,Física,3º,2.9
703,113,Química,4º,9.5
704,18,Inglês,2º,8.0
705,121,Geografia,4º,9.6
706,114,Geografia,1º,8.8
707,162,Biologia,4º,8.1
708,78,Português,3º,5.7
709,71,Matemática,2º,6.9
710,152,Português,1º,9.7
711,15,Química,4º,5.6
712,91,Química,3º,7.7
713,130,Química,3º,7.6
714,19,Inglês,1º,9.6
715,80,Matemática,3º,4.6
716,119,Matemática,3º,4.6
717,116,História,3º,5.9
718,10,Português,3º,0.3
719,15,Inglês,4º,1.2
720,95,Química,1º,0.7
721,74,Física,2º,6.3
722,20,Português,2º,9.9
723,166,Matemática,3º,6.8
724,24,Geografia,4º,2.3
725,158,Geografia,3º,3.2
726,153,Inglês,3º,9.6
727,130,Biologia,4º,5.2
728,99,Matemática,1º,0.1
729,119,Português,2º,8.3
730,149,Biologia,4º,2.5
731,142,Matemática,2º,0.9
732,190,História,4º,6.7
733,11,Física,4º,8.2
734,116,Matemática,3º,0.8
735,147,Geografia,1º,9.3
736,167,História,2º,4.8
737,49,Química,1º,3.5
738,83,Português,3º,8.9
739,155,Biologia,4º,2.7
740,122,História,2º,9.5
741,129,Geografia,1º,6.8
742,39,Química,2º,9.1
743,16,Física,2º,5.0
744,116,Química,2º,2.0
745,27,História,1º,7.4
746,88,Português,2º,8.7
747,183,Física,1º,2.1
748,22,Matemática,4º,2.0
749,130,Português,1º,2.5
750,166,Química,3º,6.2
751,45,Geografia,2º,1.6
752,11,Português,3º,1.1
753,64,Física,3º,9.2
754,182,Química,4º,6.8
755,113,Física,4º,6.6
756,113,Matemática,1º,6.1
757,135,Biologia,1º,7.6
758,134,Inglês,2º,5.4
759,157,Inglês,3º,0.4
760,41,Geografia,4º,4.8
761,94,Física,4º,6.2
762,96,Química,2º,4.9
763,73,Química,4º,9.9
764,100,História,3º,9.0
765,105,Química,3º,8.7
766,199,Português,2º,4.9
767,87,Biologia,3º,9.8
768,174,Geografia,1º,9.2
769,154,Português,3º,2.8
770,14,Português,1º,2.2
771,162,Biologia,4º,5.8
772,166,História,1º,0.5
773,86,Química,2º,8.0
774,17,História,2º,4.8
775,85,Química,2º,5.4
776,25,Física,2º,5.0
777,143,Física,2º,3.9
778,174,Português,3º,6.9
779,99,Português,4º,1.7
780,73,Matemática,1º,9.8
781,65,Biologia,1º,7.0
782,186,Inglês,4º,4.6
783,169,Física,2º,6.9
784,155,Biologia,2º,0.1
785,39,Português,1º,2.1
786,86,História,2º,5.8
787,21,Português,3º,3.3
788,150,História,3º,6.1
789,170,Química,3º,2.6
790,37,Inglês,4º,5.5
791,90,Química,4º,2.4
792,80,Português,3º,4.7
793,168,Matemática,4º,6.1
794,179,Português,3º,3.7
795,170,Física,2º,5.0
796,101,Português,4º,2.1
797,34,Física,3º,7.0
798,153,Química,4º,3.7
799,182,Matemática,1º,8.5
800,22,Biologia,1º,2.8
801,80,Química,3º,1.8
802,144,Química,3º,1.3
803,97,Português,3º,5.8
804,165,Geografia,1º,2.3
805,85,História,4º,1.0
806,33,Química,1º,2.7
807,172,História,3º,2.4
808,180,História,3º,4.3
809,190,Biologia,3º,3.8
810,176,Biologia,3º,1.5
811,135,Biologia,3º,9.6
812,24,Inglês,3º,1.5
813,166,História,2º,8.1
814,172,Português,2º,1.8
815,109,História,2º,5.0
816,131,Química,1º,10.0
817,93,Biologia,4º,8.5
818,5,Química,3º,5.2
819,93,Biologia,2º,7.2
820,80,Inglês,1º,7.9
821,47,Português,4º,3.0
822,55,Física,3º,5.6
823,88,Biologia,3º,5.7
824,197,Geografia,4º,4.0
825,125,Inglês,4º,6.9
826,50,Geografia,4º,0.6
827,58,Inglês,1º,8.1
828,36,Português,2º,4.8
829,40,História,3º,6.3
830,20,Biologia,2º,4.5
831,76,Matemática,4º,3.3
832,26,Química,3º,3.6
833,130,Física,3º,5.6
834,198,Química,2º,9.3
835,139,Física,2º,2.6
836,190,Inglês,3º,0.2
837,135,Física,1º,1.2
838,10,Química,4º,8.7
839,170,História,2º,9.6
840,87,Biologia,3º,2.0
841,197,Física,2º,5.8
842,159,Geografia,3º,6.5
843,34,Inglês,1º,1.7
844,153,Física,2º,7.8
845,97,História,3º,3.6
846,40,Química,2º,6.7
847,42,Física,3º,4.9
848,47,Biologia,4º,7.4
849,178,Inglês,3º,8.9
850,198,Geografia,3º,3.8
851,160,Física,3º,2.9
852,43,Química,3º,6.3
853,185,Biologia,4º,1.4
854,113,Química,1º,1.7
855,12,Física,4º,8.1
856,106,Português,1º,3.4
857,94,Geografia,1º,6.3
858,174,História,4º,5.7
859,185,Matemática,2º,8.5
860,61,Inglês,1º,0.7
861,114,Geografia,4º,1.6
862,157,Inglês,3º,2.3
863,73,Biologia,4º,3.2
864,193,Português,1º,2.9
865,192,Química,2º,2.7
866,115,Inglês,2º,6.4
867,60,História,2º,2.7
868,137,Biologia,3º,4.4
869,62,Geografia,4º,8.6
870,80,Biologia,4º,3.6
871,121,História,2º,5.9
872,50,Química,3º,9.7
873,95,Química,2º,4.1
874,174,Português,1º,1.8
875,147,Inglês,4º,0.2
876,113,Inglês,3º,7.3
877,119,Química,2º,6.6
878,197,Química,3º,9.4
879,73,Matemática,1º,7.0
880,200,Física,1º,0.8
881,98,Português,4º,1.7
882,129,Português,3º,1.0
883,136,Geografia,2º,0.6
884,108,Física,2º,8.8
885,42,História,2º,5.5
886,52,Matemática,4º,0.3
887,155,Química,1º,4.0
888,36,Física,2º,7.6
889,65,Química,4º,0.8
890,14,Português,4º,2.6
891,165,Matemática,4º,1.6
892,124,Português,4º,6.5
893,96,Biologia,4º,8.9
894,142,Geografia,4º,3.1
895,27,Geografia,1º,2.5
896,183,Inglês,1º,2.8
897,133,Física,2º,6.3
898,32,Química,3º,1.3
899,73,Inglês,1º,8.4
900,22,História,3º,0.3
901,196,Física,2º,6.6
902,42,Matemática,1º,8.6
903,70,Inglês,1º,3.3
904,116,Português,2º,4.8
905,132,Biologia,2º,9.7
906,38,Química,3º,5.4
907,112,Português,3º,2.7
908,24,Português,2º,4.4
909,57,História,1º,9.7
910,116,Física,4º,7.0
911,90,Biologia,3º,1.8
912,7,Física,2º,6.0
913,107,Inglês,1º,6.3
914,14,Geografia,1º,6.4
915,102,Inglês,3º,5.6
916,129,Física,3º,5.2
917,96,Inglês,4º,6.4
918,61,Português,3º,3.1
919,99,Inglês,4º,3.5
920,21,Inglês,2º,5.4
921,96,Física,3º,8.0
922,58,Português,4º,4.4
923,8,Biologia,3º,3.7
924,82,Matemática,2º,2.6
925,26,Português,2º,3.0
926,183,Matemática,4º,0.0
927,167,Física,1º,8.2
928,86,Português,2º,8.5
929,38,História,2º,3.4
930,36,Geografia,2º,4.7
931,10,História,2º,0.1
932,74,História,1º,9.2
933,121,Física,2º,9.5
934,179,Química,1º,4.8
935,36,Inglês,3º,0.1
936,195,Geografia,1º,4.3
937,181,Química,4º,2.9
938,121,História,3º,2.3
939,115,História,1º,0.1
940,158,Química,1º,3.7
941,2,Química,1º,4.1
942,21,Matemática,1º,5.6
943,5,Geografia,1º,3.9
944,66,Inglês,1º,1.6
945,56,Química,4º,7.4
946,39,Química,4º,3.9
947,141,Matemática,4º,3.8
948,187,Geografia,1º,2.6
949,156,Geografia,3º,4.2
950,136,Biologia,4º,2.4
951,109,Português,2º,7.6
952,29,Português,2º,9.1
953,199,História,1º,8.1
954,74,Física,3º,6.8
955,61,Física,4º,2.8
956,78,Geografia,1º,7.4
957,32,Inglês,3º,8.1
958,13,Português,2º,4.1
959,62,Biologia,4º,8.5
960,108,Inglês,1º,1.8
961,164,Física,1º,2.9
962,160,Química,3º,6.4
963,118,Química,1º,6.2
964,17,Português,1º,2.7
965,29,Física,4º,6.2
966,128,Física,2º,1.9
967,153,Inglês,2º,0.2
968,138,História,3º,0.5
969,5,Biologia,2º,5.3
970,162,Português,3º,1.9
971,132,História,4º,1.0
972,148,Física,3º,2.7
973,62,Português,2º,7.2
974,184,Geografia,1º,7.3
975,37,Biologia,4º,2.3
976,75,Português,2º,1.5
977,110,História,4º,4.9
978,1,Física,3º,3.4
979,158,História,2º,3.1
980,91,Química,1º,8.0
981,62,Química,1º,10.0
982,147,História,1º,4.6
983,107,Química,1º,7.9
984,48,Química,4º,3.3
985,171,História,2º,8.4
986,172,Inglês,1º,9.5
987,22,História,1º,0.6
988,135,História,1º,7.8
989,93,Inglês,3º,0.7
990,18,Biologia,2º,4.7
991,135,História,4º,1.9
992,140,História,3º,8.4
993,130,Física,3º,8.2
994,130,Inglês,4º,8.3
995,142,Matemática,1º,1.2
996,6,Física,1º,7.7
997,100,Matemática,2º,2.5
998,121,Inglês,1º,7.7
999,12,História,3º,4.4
1000,163,Geografia,3º,7.4
